dataset,client_id,ind_local_acc,ood_local_acc,mix_local_acc
mnist,0,0.9658258119262516,0.7831432349780973,0.8717206790123457
mnist,1,0.7978504820610084,0.857291815746969,0.8247243409872347
