dataset,client_id,ind_local_acc,ood_local_acc,mix_local_acc
mnist,0,0.9681400910283113,0.2220844697908918,0.5912422839506173
mnist,1,0.7543859649122807,0.22479605814642922,0.4870173497213769
mnist,2,0.6839796860572483,0.18754654530409598,0.43423887948283824
mnist,3,0.8642610302981596,0.21878488926780748,0.5378586930311068
mnist,4,0.9570440203755797,0.3381101936396348,0.6433133125522694
mnist,5,0.7110685194058457,0.37945492662473795,0.5432143142423517
mnist,6,0.7274108427954582,0.3556898165100289,0.5394673704414588
mnist,7,0.9144649157193258,0.09027122399573263,0.5008428397820377
